Name,Mean,MeanLB,MeanUB,Stddev,StddevLB,StddevUB
"inc 10^3",6.796662430998269e-4,6.793591798381594e-4,6.799648623701522e-4,1.5588834693071169e-6,1.3888664582064866e-6,1.7667993383264612e-6
"inc 10^4",1.0377277637763718e-2,1.0097045208259322e-2,1.0912876631065108e-2,1.972052814113195e-3,1.2464678464235532e-3,2.8257046384473667e-3
"inc 10^5",0.12672350983866829,0.12497229199656629,0.1287717662359156,9.725030770237137e-3,8.472662335941671e-3,1.0771699901200773e-2
"rnd 10^3",6.081626434543117e-4,6.070665598866192e-4,6.092487317815731e-4,5.603547050040049e-6,5.1446613286570066e-6,6.145843853027024e-6
"rnd 10^4",1.1371160055442553e-2,1.1104052568717698e-2,1.1733474041267136e-2,1.5526566685567429e-3,1.1930292790724197e-3,1.8769200391674295e-3
"rnd 10^5",0.2535531936193384,0.25227336507090703,0.2548258314634241,6.5465213057352275e-3,5.907160841217e-3,7.270157669094025e-3
