Name,Mean,MeanLB,MeanUB,Stddev,StddevLB,StddevUB
"inc 10^3",7.610985254051355e-4,7.60324119153682e-4,7.61895865253245e-4,4.00598292133959e-6,3.6651413574988646e-6,4.3949010520256245e-6
"inc 10^4",1.2131735131683122e-2,1.1788748547973404e-2,1.2677047297897115e-2,2.1283809947243775e-3,1.306257662984745e-3,2.941469418804739e-3
"inc 10^5",0.15286124000060997,0.15110298165786695,0.1549822808216853,9.835360574202574e-3,8.510703402958364e-3,1.09657024159192e-2
"rnd 10^3",6.302046813519605e-4,6.289191085052297e-4,6.314955192756457e-4,6.592579698381661e-6,6.022466812624766e-6,7.245790574027627e-6
"rnd 10^4",1.1756491706313855e-2,1.1482131526412734e-2,1.2129869506301653e-2,1.6072071480584251e-3,1.2376051471765283e-3,1.9397316428120287e-3
"rnd 10^5",0.2599606681774898,0.25816909560668894,0.26167664775360044,9.01268518662193e-3,8.288609968307216e-3,9.745180151075927e-3
