Name,Mean,MeanLB,MeanUB,Stddev,StddevLB,StddevUB
"inc 10^3",5.027669449330673e-4,5.025369863680627e-4,5.029971342257291e-4,1.1820443870195343e-6,1.0490787308670892e-6,1.350258442782259e-6
"inc 10^4",8.100244957711325e-3,7.743885475899801e-3,8.649961907174214e-3,2.1683463582917463e-3,1.2927305656679562e-3,2.97407880562092e-3
"inc 10^5",9.678165189128321e-2,9.509972802501127e-2,9.877298823695581e-2,9.347473212382953e-3,8.160613385138045e-3,1.0311683138983516e-2
"rnd 10^3",6.403521662376011e-4,6.389222508094396e-4,6.417568490328083e-4,7.2256533554838045e-6,6.583291506415693e-6,7.94727313785909e-6
"rnd 10^4",1.1817359883095842e-2,1.1533964831139668e-2,1.220067854573928e-2,1.631794833447662e-3,1.248689786347307e-3,1.972689894663254e-3
"rnd 10^5",0.25554113618235985,0.25430759660106117,0.25675476304393213,6.252766690183586e-3,5.690225313346233e-3,6.889054217276371e-3
