Name,Mean,MeanLB,MeanUB,Stddev,StddevLB,StddevUB
"inc 10^3",6.316749147794333e-4,6.314199022672261e-4,6.319218210599507e-4,1.290755754949648e-6,1.1478177878798022e-6,1.4809378731923518e-6
"inc 10^4",1.0012283986088739e-2,9.664606516835197e-3,1.055134124088e-2,2.120437417315601e-3,1.2845872021522993e-3,2.9184841486511065e-3
"inc 10^5",0.12417992008780859,0.1224535812244358,0.1262374247417393,9.624238892051183e-3,8.38104160916745e-3,1.0707426127258864e-2
"rnd 10^3",6.238660387418356e-4,6.222162775418844e-4,6.255290560147847e-4,8.493999829752471e-6,7.807426209760337e-6,9.293151309014987e-6
"rnd 10^4",1.1630778973576537e-2,1.1370145743367187e-2,1.1989434426304799e-2,1.5445440594247192e-3,1.1981382017030588e-3,1.8659534155870267e-3
"rnd 10^5",0.2561252178058565,0.2544725478992405,0.2577031840190831,8.275103380678767e-3,7.568941630504889e-3,9.031944630894831e-3
