Name,Mean,MeanLB,MeanUB,Stddev,StddevLB,StddevUB
"inc 10^3",6.048993860832076e-4,6.048232828727582e-4,6.049855028739789e-4,4.144357937399799e-7,3.5029086146170744e-7,5.406132419383047e-7
"inc 10^4",7.714584811467949e-3,7.713141186971493e-3,7.716355069417777e-3,8.17256124766483e-6,6.68520077056639e-6,1.1873003442772068e-5
"inc 10^5",9.541435190824474e-2,9.540746876386606e-2,9.542201706556286e-2,3.6982342151176626e-5,3.158025674894592e-5,4.3851245794258425e-5
"rnd 10^3",6.783194942698119e-4,6.782458954910462e-4,6.784227398805883e-4,4.4342997879371436e-7,3.271046123653352e-7,7.299613498488578e-7
"rnd 10^4",8.968622430105032e-3,8.967816575307673e-3,8.96982405974371e-3,4.982978262453338e-6,3.697114170569018e-6,7.862632167750709e-6
"rnd 10^5",0.13450992771772352,0.1344613547006032,0.13457125851301166,2.7782201588497524e-4,2.298067883087929e-4,3.390820812442934e-4
