Name,Mean,MeanLB,MeanUB,Stddev,StddevLB,StddevUB
"inc 10^3",6.473238528501697e-4,6.471027911436266e-4,6.475387156736561e-4,1.1109792327294803e-6,9.905112335447098e-7,1.2694320839357288e-6
"inc 10^4",8.296902851178883e-3,8.29446382911467e-3,8.299194053724045e-3,1.2085139079637508e-5,1.0774034763203003e-5,1.3678627494449923e-5
"inc 10^5",0.10202581539931821,0.10201560393157524,0.10203639641585872,5.340349510297195e-5,4.596080539644788e-5,6.319315078447963e-5
"rnd 10^3",7.10282695113285e-4,7.101846325150979e-4,7.10380239410213e-4,5.012278759285118e-7,4.3942685108861407e-7,5.822187890548418e-7
"rnd 10^4",9.371829704358814e-3,9.369658903196094e-3,9.373955205991498e-3,1.097178883739913e-5,9.78441825410634e-6,1.2582464889831857e-5
"rnd 10^5",0.14068967238250304,0.1406638611871295,0.140729452522426,1.6172169857258824e-4,1.1519360595069905e-4,2.146214333155684e-4
