Name,Mean,MeanLB,MeanUB,Stddev,StddevLB,StddevUB
"inc 10^3",6.179501594836455e-4,6.174456657702662e-4,6.182972969348173e-4,2.133093276936091e-6,1.6046727023553165e-6,2.7366314105410436e-6
"inc 10^4",8.023778276809727e-3,8.02167065657047e-3,8.025918083557161e-3,1.089299998898306e-5,9.807754935700255e-6,1.2164690532330519e-5
"inc 10^5",9.995838657452398e-2,9.994679704739387e-2,9.996924892498786e-2,5.741267739387739e-5,4.687890177973385e-5,7.382945261589085e-5
"rnd 10^3",6.972816782730795e-4,6.965937888422462e-4,6.980443067454492e-4,3.704185292255883e-6,3.2263273245842833e-6,4.253696730289322e-6
"rnd 10^4",9.240826444992098e-3,9.237723427185094e-3,9.243247585662879e-3,1.3964744463499855e-5,1.0564830135459475e-5,1.8867246888373915e-5
"rnd 10^5",0.13930176273419198,0.1392708350761108,0.13934627071453862,1.8791488820691973e-4,1.3995202985871169e-4,2.482827215883293e-4
