Name,Mean,MeanLB,MeanUB,Stddev,StddevLB,StddevUB
"inc 10^3",6.477222208145673e-4,6.475275123083009e-4,6.479127569956993e-4,9.869207113871393e-7,8.712067218743153e-7,1.1347329116456737e-6
"inc 10^4",8.523288207010525e-3,8.520570235208766e-3,8.525867896036404e-3,1.3598954361194385e-5,1.167875606855154e-5,1.631121484243285e-5
"inc 10^5",0.10410215464583261,0.10408360568037849,0.10412088004103523,9.520618083060651e-5,8.443675635380657e-5,1.0875323210367792e-4
"rnd 10^3",7.30439897446569e-4,7.299395435466997e-4,7.309388425093797e-4,2.566000884154563e-6,2.399566848995694e-6,2.769084443173154e-6
"rnd 10^4",9.584047036127344e-3,9.581985907511012e-3,9.58622260566165e-3,1.0854426640768602e-5,9.635412457331784e-6,1.2538228963492322e-5
"rnd 10^5",0.14465432253828867,0.14462504473677498,0.14469882336607795,1.8243386198444814e-4,1.2969115781695991e-4,2.4391077626909486e-4
