Name,Mean,MeanLB,MeanUB,Stddev,StddevLB,StddevUB
"inc 10^3",5.737218802214315e-4,5.731312202675017e-4,5.743173085469435e-4,3.0579287322611483e-6,2.7689193807453715e-6,3.3959149735690104e-6
"inc 10^4",8.99797646781293e-3,8.651675865853704e-3,9.536590264047063e-3,2.1119687863165367e-3,1.267756519821231e-3,2.9049356140759997e-3
"inc 10^5",0.10897077974837001,0.10730743822615318,0.11096148190062223,9.319335836416453e-3,8.121708889069542e-3,1.0346114581443439e-2
"rnd 10^3",5.919033507356948e-4,5.90878517643372e-4,5.929456067241827e-4,5.307887174922669e-6,4.84135726285448e-6,5.848148591418594e-6
"rnd 10^4",1.1168624730517225e-2,1.0813009114672497e-2,1.1753496499468635e-2,2.2536162995464965e-3,1.3866773127769027e-3,3.112991077947349e-3
"rnd 10^5",0.24947812733214075,0.24828263697188077,0.250679411263873,6.167470014802527e-3,5.555825551044889e-3,6.882514830025341e-3
