Name,Mean,MeanLB,MeanUB,Stddev,StddevLB,StddevUB
"inc 10^3",7.59649970362549e-4,7.589299462536625e-4,7.603462661461823e-4,3.6137136099037832e-6,3.233314958031519e-6,4.072454249682651e-6
"inc 10^4",1.2091786991968388e-2,1.1752867829218137e-2,1.262922896088623e-2,2.088593433944617e-3,1.2886015828612722e-3,2.8946342317970252e-3
"inc 10^5",0.15288130786302614,0.15111020829561275,0.15499635484102292,9.849255202999159e-3,8.53097595119308e-3,1.0966722980326209e-2
"rnd 10^3",6.301886945478314e-4,6.288776903859967e-4,6.315088380885321e-4,6.7462067608865714e-6,6.1723198896526285e-6,7.389467271392717e-6
"rnd 10^4",1.1722785365e-2,1.1452355515375368e-2,1.2094423901453252e-2,1.5898941240233674e-3,1.2241289116591697e-3,1.921825058003326e-3
"rnd 10^5",0.2596549823510938,0.2579017880189709,0.2613483097780041,8.824693385410337e-3,8.101691510073008e-3,9.5583555507635e-3
