Name,Mean,MeanLB,MeanUB,Stddev,StddevLB,StddevUB
"inc 10^3",7.610598888993263e-4,7.60324009954929e-4,7.617958870530125e-4,3.7754467278057347e-6,3.4425688300145623e-6,4.154102008350377e-6
"inc 10^4",1.2135950413346298e-2,1.1789099064469339e-2,1.2721650686860085e-2,2.2018975824668104e-3,1.5004585923350004e-3,3.0764298932990757e-3
"inc 10^5",0.15341490047574047,0.151690428429842,0.1554724885761738,9.615756521936102e-3,8.44746897672096e-3,1.0642817468744459e-2
"rnd 10^3",6.313818765183289e-4,6.300910385946434e-4,6.326633763809994e-4,6.6119134192455835e-6,6.048369303421004e-6,7.268468264618248e-6
"rnd 10^4",1.1813606110215192e-2,1.1532323446869847e-2,1.2196827021241183e-2,1.6650327140871621e-3,1.2907221746088968e-3,2.0137598699687177e-3
"rnd 10^5",0.26117649810910226,0.25940231817364684,0.26286696928143494,8.943058817852028e-3,8.201744684180293e-3,9.656890362778002e-3
