Name,Mean,MeanLB,MeanUB,Stddev,StddevLB,StddevUB
"inc 10^3",5.748427287969056e-4,5.742711423293041e-4,5.754153749026363e-4,2.9453568949635333e-6,2.673075823492698e-6,3.267171564562384e-6
"inc 10^4",9.023467210843794e-3,8.672020343854666e-3,9.592220691755051e-3,2.1845049438047625e-3,1.3525161479349603e-3,3.0290215914346125e-3
"inc 10^5",0.10938057881179376,0.10768900852981139,0.11137806874099299,9.458187245602372e-3,8.299781968095794e-3,1.0419962697835093e-2
"rnd 10^3",5.916685254080655e-4,5.906513033703836e-4,5.926858391452016e-4,5.222091612759212e-6,4.777620533259078e-6,5.7224810112089805e-6
"rnd 10^4",1.1221485046460861e-2,1.0946133045270673e-2,1.1597261337354416e-2,1.601998012466464e-3,1.2350694727981547e-3,1.9348990166131918e-3
"rnd 10^5",0.24909600239577817,0.24791398506942322,0.25023264866653006,5.936785210074007e-3,5.313921897605438e-3,6.642031248439209e-3
