Name,Mean,MeanLB,MeanUB,Stddev,StddevLB,StddevUB
"inc 10^3",5.738941898513939e-4,5.732929335161706e-4,5.745012741963286e-4,3.0988920833677426e-6,2.830884918626816e-6,3.40905496163963e-6
"inc 10^4",8.994652127492722e-3,8.651293610799598e-3,9.530066346395305e-3,2.0925531435430126e-3,1.262968344017576e-3,2.881279908650489e-3
"inc 10^5",0.10892360706183969,0.1072933985695606,0.11085554857108652,9.08577638614797e-3,7.938766899201899e-3,1.002560063373811e-2
"rnd 10^3",5.919827020526156e-4,5.909691479930734e-4,5.929994655930301e-4,5.188912774392811e-6,4.739797555993435e-6,5.696259873957995e-6
"rnd 10^4",1.1111900995708095e-2,1.0780129621959319e-2,1.1661901663280119e-2,2.1205128152451446e-3,1.3249660251275412e-3,2.9355646143516038e-3
"rnd 10^5",0.24758177060935554,0.24631534833762703,0.24882430333945807,6.427696888245557e-3,5.753624088910549e-3,7.219124214846354e-3
