Name,Mean,MeanLB,MeanUB,Stddev,StddevLB,StddevUB
"inc 10^3",6.799234681518812e-4,6.79682043425478e-4,6.801717344549024e-4,1.2522678604129065e-6,1.1276396851080006e-6,1.3956885201146793e-6
"inc 10^4",1.0393803311557303e-2,1.010966081735565e-2,1.0937640858859553e-2,1.9912558760456275e-3,1.2703824513130265e-3,2.8553913912620814e-3
"inc 10^5",0.12668631830448057,0.1250088981651679,0.12862209358447932,9.254628152715447e-3,8.14040899222713e-3,1.018652555808069e-2
"rnd 10^3",6.101433278024758e-4,6.090517375080044e-4,6.112311584193531e-4,5.585195360562703e-6,5.122494772915325e-6,6.118954896643412e-6
"rnd 10^4",1.1396093560428151e-2,1.1123165084094534e-2,1.176827092287017e-2,1.605607646066658e-3,1.2454343557036982e-3,1.9409953378451551e-3
"rnd 10^5",0.2548174575828925,0.2534070328735724,0.2562030438446417,7.19069366145681e-3,6.480878233733838e-3,8.006315180482646e-3
