Name,Mean,MeanLB,MeanUB,Stddev,StddevLB,StddevUB
"inc 10^3",8.970457583003576e-4,8.964316980044045e-4,8.976459108458624e-4,3.106918322843232e-6,2.810713766068018e-6,3.4734203342775845e-6
"inc 10^4",1.3564649465084075e-2,1.3229716660976408e-2,1.408543789625168e-2,2.035391471693692e-3,1.2274643483140986e-3,2.809955538305253e-3
"inc 10^5",0.1704522268819809,0.1687030761289596,0.17247651029109962,9.61956230423835e-3,8.471841287037297e-3,1.054508528214723e-2
"rnd 10^3",6.237207128524779e-4,6.218534185409545e-4,6.255613042831423e-4,9.493944455747271e-6,8.65694085810058e-6,1.0440962525412106e-5
"rnd 10^4",1.1774615886211398e-2,1.1503491046428683e-2,1.2137543799877163e-2,1.5922141583696496e-3,1.2517458934094782e-3,1.9063732361430706e-3
"rnd 10^5",0.2606644527959823,0.2596298162984848,0.261815692667961,5.579258379608369e-3,4.867858285533784e-3,6.427918554329456e-3
