Name,Mean,MeanLB,MeanUB,Stddev,StddevLB,StddevUB
"inc 10^3",8.247963632025368e-4,8.243414856503036e-4,8.252486056020539e-4,2.3250337186175246e-6,2.0589343383838513e-6,2.697912428620194e-6
"inc 10^4",1.245357358717337e-2,1.2110900523895171e-2,1.2987751605743317e-2,2.088071390639826e-3,1.2637072615878106e-3,2.882893563941837e-3
"inc 10^5",0.15436267066525253,0.15257685113476546,0.15647635388897685,9.915507782745879e-3,8.663063009399124e-3,1.0941331565974648e-2
"rnd 10^3",6.296692989463729e-4,6.280545097783329e-4,6.313013734613976e-4,8.329087810126704e-6,7.663385735456767e-6,9.111606296526574e-6
"rnd 10^4",1.179567420744315e-2,1.151189172529593e-2,1.218354904913321e-2,1.656046616277513e-3,1.2719055949056213e-3,2.002664537757718e-3
"rnd 10^5",0.2565389602236631,0.25612433839367665,0.25712971139477514,2.5109616055279654e-3,1.7983451533096653e-3,3.824797000713326e-3
