Name,Mean,MeanLB,MeanUB,Stddev,StddevLB,StddevUB
"inc 10^3",4.434197428140522e-4,4.4330439754974887e-4,4.4353722562423683e-4,5.95862004840989e-7,5.339245411664239e-7,6.901181159925434e-7
"inc 10^4",5.7892734867695615e-3,5.787586277958118e-3,5.79099566363927e-3,8.724364538830698e-6,7.84510169890674e-6,9.96351622057093e-6
"inc 10^5",7.170075150202623e-2,7.169135542582382e-2,7.17097017354857e-2,4.690338662106959e-5,4.042172994862058e-5,5.643823559775681e-5
"rnd 10^3",4.97345340995355e-4,4.972341425700619e-4,4.974640734477478e-4,5.908368021792268e-7,5.043663732005785e-7,7.118177407069515e-7
"rnd 10^4",6.59850583409721e-3,6.597113469595256e-3,6.599961379522625e-3,7.3030242450698836e-6,6.326629002699881e-6,8.51468347813102e-6
"rnd 10^5",0.10467414112757556,0.10465142698954451,0.1047116086072814,1.4696601181672187e-4,1.0032638779796807e-4,2.085050634858185e-4
