Name,Mean,MeanLB,MeanUB,Stddev,StddevLB,StddevUB
"inc 10^3",4.593076392049555e-4,4.5920209313397636e-4,4.594219884234708e-4,5.626529016790571e-7,4.823783224577232e-7,6.786214911786964e-7
"inc 10^4",5.9874680730158635e-3,5.986117431765254e-3,5.98883063519543e-3,6.976955884717081e-6,6.301676505303331e-6,7.822277726469032e-6
"inc 10^5",7.32089263384451e-2,7.320211471964011e-2,7.321586431909695e-2,3.535376151299967e-5,2.9623686795531e-5,4.298730558217688e-5
"rnd 10^3",5.188663376626292e-4,5.187335488800945e-4,5.190094924703419e-4,7.046101112126027e-7,6.225103799057153e-7,8.473571073185506e-7
"rnd 10^4",6.839173147326164e-3,6.837804624682121e-3,6.840542862063105e-3,7.047008883649005e-6,6.254131118250078e-6,8.11710799569042e-6
"rnd 10^5",0.10951781572748316,0.10949175896097313,0.10955922188211573,1.660106587926591e-4,1.1674658696562016e-4,2.3067390982272452e-4
