Name,Mean,MeanLB,MeanUB,Stddev,StddevLB,StddevUB
"inc 10^3",4.852230605325013e-4,4.8504315384635417e-4,4.854012784203798e-4,9.158764935232204e-7,7.831947392038693e-7,1.129555114128346e-6
"inc 10^4",6.3644138060103776e-3,6.3623061857711214e-3,6.366453476954591e-3,1.064843876206653e-5,9.391550919715035e-6,1.2399966878506201e-5
"inc 10^5",7.793297828874805e-2,7.791893066606739e-2,7.79467898770354e-2,7.120974048481149e-5,6.368927457350314e-5,8.131021880185907e-5
"rnd 10^3",5.431110487028591e-4,5.426587036350541e-4,5.435486551675917e-4,2.286910902059769e-6,2.120664308661738e-6,2.4766886943736235e-6
"rnd 10^4",7.265444108058105e-3,7.264088698435913e-3,7.266857930232179e-3,7.097037108941589e-6,6.318496286236229e-6,8.123303211445752e-6
"rnd 10^5",0.11390856565675953,0.11388505520067435,0.11394523205003958,1.4884990734388899e-4,1.0268640184597841e-4,2.0385524140020648e-4
