Name,Mean,MeanLB,MeanUB,Stddev,StddevLB,StddevUB
"inc 10^3",4.4449188074078237e-4,4.443587195491951e-4,4.4463413715964607e-4,7.057053538057933e-7,6.101229664655454e-7,8.603970987027642e-7
"inc 10^4",5.8013598108833464e-3,5.799907841736621e-3,5.8027450228279286e-3,7.250126548361185e-6,6.434858761833462e-6,8.332699910897305e-6
"inc 10^5",7.140625714795153e-2,7.139697074429556e-2,7.141575574414294e-2,4.835633924168505e-5,4.2882396110693244e-5,5.5660896763100287e-5
"rnd 10^3",5.044889448154151e-4,5.043914912212076e-4,5.0459514042419e-4,5.224422368594687e-7,4.526101635006041e-7,6.210124635944104e-7
"rnd 10^4",6.601995227418161e-3,6.600689885697579e-3,6.603354213319038e-3,6.845315904893964e-6,5.9753170302484775e-6,8.005727390440942e-6
"rnd 10^5",0.10483752488629386,0.10481549262539908,0.10487335681454701,1.4143768068804535e-4,9.67113893308176e-5,2.044576879326872e-4
