Name,Mean,MeanLB,MeanUB,Stddev,StddevLB,StddevUB
"inc 10^3",4.851919079165568e-4,4.8505710207828956e-4,4.8533207817285355e-4,7.079433528290451e-7,6.385006073880179e-7,7.912452799631731e-7
"inc 10^4",6.370813446451317e-3,6.368342237878928e-3,6.373225050378931e-3,1.2586667959232389e-5,1.1252116185992171e-5,1.421858767786331e-5
"inc 10^5",7.788628736577248e-2,7.787518182835795e-2,7.789764562688094e-2,5.763078018721306e-5,5.135977757834281e-5,6.526085833453849e-5
"rnd 10^3",5.430593993816493e-4,5.42574325945259e-4,5.435821863023703e-4,2.574614663652386e-6,2.3224093448379943e-6,2.8260008616419584e-6
"rnd 10^4",7.262514429498805e-3,7.2612174324284875e-3,7.264229851175439e-3,7.579284267024793e-6,6.014810242902587e-6,1.1546992249241841e-5
"rnd 10^5",0.11395467678151348,0.11392807403645727,0.11399686494908552,1.691061600299607e-4,1.1729943971848598e-4,2.3181450103468282e-4
