Name,Mean,MeanLB,MeanUB,Stddev,StddevLB,StddevUB
"inc 10^3",4.435570754667725e-4,4.434329211992847e-4,4.4368308410098665e-4,6.420215160550413e-7,5.70867047345564e-7,7.504391051920186e-7
"inc 10^4",5.7635749839291435e-3,5.762089636181337e-3,5.765026953075871e-3,7.539512085294856e-6,6.74708466809998e-6,8.492969709827012e-6
"inc 10^5",7.143550320343538e-2,7.14268247671561e-2,7.144523068146273e-2,4.7053640375869565e-5,4.015104921203179e-5,5.6836781972244054e-5
"rnd 10^3",5.000662488558075e-4,4.999797227798082e-4,5.001533709782544e-4,4.463157796025955e-7,3.922479570752621e-7,5.174200724123654e-7
"rnd 10^4",6.62761054374955e-3,6.626116851351481e-3,6.62937245704911e-3,8.296483500915166e-6,6.929089602840166e-6,1.0539465634510548e-5
"rnd 10^5",9.754033251480625e-2,9.751684351639311e-2,9.758026762680576e-2,1.5330075335623342e-4,1.0212708069240194e-4,2.1496580486207164e-4
