Name,Mean,MeanLB,MeanUB,Stddev,StddevLB,StddevUB
"inc 10^3",4.61166304979291e-4,4.6103324907226153e-4,4.613046794546234e-4,6.94862203357712e-7,6.181837591509669e-7,7.861107033372551e-7
"inc 10^4",5.958811476068065e-3,5.957227184609931e-3,5.960489942864938e-3,8.387313774502027e-6,7.340197878116425e-6,9.686109507451603e-6
"inc 10^5",7.255873527971175e-2,7.255083885637198e-2,7.256734219041736e-2,4.237547349470236e-5,3.6088220594511954e-5,5.2413309743058514e-5
"rnd 10^3",5.167272155039866e-4,5.166111160219892e-4,5.168439369474946e-4,5.947902841779282e-7,5.327229842335215e-7,6.738123763769459e-7
"rnd 10^4",6.867545082406565e-3,6.866190864877268e-3,6.86910672409968e-3,7.401434712203381e-6,6.345373089425764e-6,9.533854610640603e-6
"rnd 10^5",0.10907363024202259,0.10904608335939323,0.10911914911714467,1.7743167311794748e-4,1.1741037301713029e-4,2.5079491556310334e-4
