Name,Mean,MeanLB,MeanUB,Stddev,StddevLB,StddevUB
"inc 10^3",4.550183870533963e-4,4.5495016265999195e-4,4.551072438238383e-4,3.963866355554041e-7,3.1387006334091843e-7,5.378500898367698e-7
"inc 10^4",5.793252165696836e-3,5.792148287675597e-3,5.794527705095032e-3,6.035136637563537e-6,5.073329273360496e-6,7.650330535420389e-6
"inc 10^5",7.146725451068443e-2,7.146101509646932e-2,7.147540365771815e-2,3.635540630388e-5,2.8463193228590855e-5,4.9135227115197827e-5
"rnd 10^3",5.087097983068158e-4,5.086480167967529e-4,5.087904459827032e-4,3.606395749702727e-7,2.8995348587438567e-7,4.795787432029708e-7
"rnd 10^4",6.644804652116517e-3,6.644170458696105e-3,6.645459111116148e-3,3.326046426686777e-6,2.9847765483383357e-6,3.756721671358268e-6
"rnd 10^5",0.10846680199222133,0.1084413889558749,0.10850706612185998,1.6198433217035782e-4,1.1189498486128184e-4,2.1915514833797123e-4
