Name,Mean,MeanLB,MeanUB,Stddev,StddevLB,StddevUB
"inc 10^3",1.6048831407063126e-4,1.604692083655762e-4,1.6051305805289492e-4,1.1046832590921665e-7,8.778414840647747e-8,1.471324855133418e-7
"inc 10^4",2.126672726743148e-3,2.1264688788580175e-3,2.1269755183386087e-3,1.259648181617583e-6,9.143042015262405e-7,1.948632620249206e-6
"inc 10^5",2.684762037916617e-2,2.684541500730948e-2,2.685126579924062e-2,1.4201318097078851e-5,9.660430200113274e-6,2.3445369266209404e-5
"rnd 10^3",1.8126679034166404e-4,1.8124841377118245e-4,1.8128513023236417e-4,9.415371442727185e-8,8.053000402211667e-8,1.1380752311374052e-7
"rnd 10^4",2.570994927731426e-3,2.5707698605927556e-3,2.5712753079804506e-3,1.2886553440483783e-6,1.0240353069233835e-6,1.7218117066003504e-6
"rnd 10^5",4.515179194136098e-2,4.513861454649406e-2,4.5183222662643956e-2,9.786397608695111e-5,3.474352903877134e-5,1.7330660217732693e-4
