Name,Mean,MeanLB,MeanUB,Stddev,StddevLB,StddevUB
"inc 10^3",1.612964651868174e-4,1.6127843682302775e-4,1.613163551751287e-4,9.714866063157012e-8,8.477480894666307e-8,1.2275659450347898e-7
"inc 10^4",2.143627320356441e-3,2.1434020147991905e-3,2.1439297145876028e-3,1.3223456371929595e-6,1.0326742908192744e-6,1.7757381772874503e-6
"inc 10^5",2.6927978483601043e-2,2.692585417406125e-2,2.6931282965107405e-2,1.3397183677656735e-5,9.641118017416926e-6,1.998897899553641e-5
"rnd 10^3",1.797371199156021e-4,1.797188167046833e-4,1.79760301537447e-4,1.0517483680884457e-7,8.370754114931202e-8,1.4143063763173575e-7
"rnd 10^4",2.5379041607705025e-3,2.5376042301979936e-3,2.5383647854653273e-3,1.8728252949810818e-6,1.3041105532743641e-6,2.7937399471119254e-6
"rnd 10^5",4.662059971468015e-2,4.6603626696033934e-2,4.6655539957447464e-2,1.2012300968919995e-4,7.008347781392313e-5,1.9010892968465533e-4
