Name,Mean,MeanLB,MeanUB,Stddev,StddevLB,StddevUB
"inc 10^3",1.6839291020182825e-4,1.6836263104228223e-4,1.6844260344567235e-4,1.9528029796645528e-7,1.318392768300374e-7,3.025630294116788e-7
"inc 10^4",2.156818071134164e-3,2.1566444229357174e-3,2.157006024447354e-3,9.259676807614002e-7,8.032105114139061e-7,1.1607479316606585e-6
"inc 10^5",2.720587109999223e-2,2.720323180632158e-2,2.7210212702317667e-2,1.6949075465610584e-5,1.1585128693702718e-5,2.539170587127646e-5
"rnd 10^3",1.829569452459162e-4,1.8293601739286173e-4,1.829778730989706e-4,1.0755263552887454e-7,9.387385292796114e-8,1.245818021355128e-7
"rnd 10^4",2.55150909319791e-3,2.551280211361971e-3,2.5519215573397563e-3,1.534381316189898e-6,9.434323439916539e-7,2.5185613689005023e-6
"rnd 10^5",4.691691016630693e-2,4.690313434080646e-2,4.694847440199416e-2,1.0147669353366877e-4,5.387992515308571e-5,1.9440375991059308e-4
