Name,Mean,MeanLB,MeanUB,Stddev,StddevLB,StddevUB
"inc 10^3",1.695702836510378e-4,1.6954972436776741e-4,1.6959288158592656e-4,1.1079027041093843e-7,9.734360413165186e-8,1.380220090087861e-7
"inc 10^4",2.2278484905127335e-3,2.22773206277327e-3,2.228031278090044e-3,7.377773711822955e-7,5.283025449554055e-7,1.2349038641205413e-6
"inc 10^5",2.7618661644675514e-2,2.7616034271933813e-2,2.7622881653525607e-2,1.6707162223196022e-5,1.1460288734456991e-5,2.3947487906514398e-5
"rnd 10^3",1.922400779837823e-4,1.9221107690416041e-4,1.9226943082852087e-4,1.4954360769533047e-7,1.2878658098867296e-7,1.85070255568612e-7
"rnd 10^4",2.6966878419355913e-3,2.6961852555708447e-3,2.697235250993208e-3,2.684569588427053e-6,2.290202494540086e-6,3.2355729950902746e-6
"rnd 10^5",4.76742870833657e-2,4.765910220406273e-2,4.770467114708639e-2,1.0549915347249861e-4,5.132403885843578e-5,1.7705183116972168e-4
