Name,Mean,MeanLB,MeanUB,Stddev,StddevLB,StddevUB
"inc 10^3",1.61223970960186e-4,1.6120393717680316e-4,1.6124433588048424e-4,1.0360558600294723e-7,9.390708527945104e-8,1.1542641237588713e-7
"inc 10^4",2.1393839094313704e-3,2.139175690538955e-3,2.1396131886316076e-3,1.1211887873038968e-6,9.330499235290931e-7,1.4273962317569763e-6
"inc 10^5",2.7120415910048917e-2,2.7117593034072355e-2,2.7124237759871914e-2,1.6739836195717832e-5,1.2903873052431177e-5,2.3234211335082218e-5
"rnd 10^3",1.811310561239978e-4,1.810965800405754e-4,1.8117219278994748e-4,1.9390800616020597e-7,1.61095725527772e-7,2.60802964407132e-7
"rnd 10^4",2.5673050371733583e-3,2.567128607424823e-3,2.567505785616961e-3,9.649415508454789e-7,7.955458802444783e-7,1.2740987777193335e-6
"rnd 10^5",4.4860086186690754e-2,4.484700654344126e-2,4.4888229115767904e-2,9.39636499462582e-5,4.510307166489035e-5,1.633052052448332e-4
