Name,Mean,MeanLB,MeanUB,Stddev,StddevLB,StddevUB
"inc 10^3",1.7256638810755738e-4,1.7255608001016674e-4,1.7257851940584695e-4,5.729144429076675e-8,4.7084590372740524e-8,8.15003483000835e-8
"inc 10^4",2.2796599328337285e-3,2.279442971926748e-3,2.2799508035002344e-3,1.2772660933408676e-6,9.812401836403963e-7,1.812038414249196e-6
"inc 10^5",2.7896375810991633e-2,2.789380327452312e-2,2.7900276338945734e-2,1.599380984776554e-5,1.1044076352352505e-5,2.4620660685236143e-5
"rnd 10^3",1.865571185448303e-4,1.8653589160036823e-4,1.8659138160192373e-4,1.3643615564351163e-7,9.292727960762438e-8,2.2858630895995325e-7
"rnd 10^4",2.640686542966149e-3,2.640562088467857e-3,2.6408410382054077e-3,7.103114918674042e-7,5.732904912975664e-7,1.0740202417602236e-6
"rnd 10^5",4.5713777696977966e-2,4.569929376829755e-2,4.5745008146654484e-2,1.0407319078479975e-4,4.83707924855549e-5,1.7654177068003935e-4
