Name,Mean,MeanLB,MeanUB,Stddev,StddevLB,StddevUB
"inc 10^3",1.6703749983032031e-4,1.6700531332214158e-4,1.6707121902936463e-4,1.6842397516652272e-7,1.5327105903915958e-7,1.872330256068518e-7
"inc 10^4",2.2328270975026225e-3,2.232571592258684e-3,2.233121147083515e-3,1.4025781705549425e-6,1.166605593927133e-6,1.8684137196338969e-6
"inc 10^5",2.722776740984483e-2,2.7225407065911734e-2,2.7231865825219585e-2,1.552489633342187e-5,1.0127999141739182e-5,2.3463621868814428e-5
"rnd 10^3",1.894779821231006e-4,1.8945347581997006e-4,1.8951042268386357e-4,1.4291061228170344e-7,1.1317290445723794e-7,2.026720717697341e-7
"rnd 10^4",2.6010553244677466e-3,2.6007582549181845e-3,2.601461589726535e-3,1.7591913363787685e-6,1.3476786422334766e-6,2.409478134218991e-6
"rnd 10^5",4.740570157961412e-2,4.73925671000914e-2,4.743582099871202e-2,9.660420096012289e-5,3.75689476589282e-5,1.7135752926017938e-4
