Name,Mean,MeanLB,MeanUB,Stddev,StddevLB,StddevUB
"inc 10^3",1.6927266748761942e-4,1.692521427577663e-4,1.6929388328581774e-4,1.0754226486773716e-7,9.693387711072877e-8,1.3039201294591897e-7
"inc 10^4",2.234325441402016e-3,2.234150998474974e-3,2.234590483389117e-3,1.0824501691566289e-6,7.887088082342665e-7,1.5685013249089829e-6
"inc 10^5",2.7569105819951402e-2,2.7566983894597392e-2,2.757269640375267e-2,1.38564994392841e-5,8.614763015480308e-6,2.1765146271827576e-5
"rnd 10^3",1.9349954486692713e-4,1.9347277163304447e-4,1.9353210268272902e-4,1.5087209798388466e-7,1.2298565056753374e-7,2.0023867985679352e-7
"rnd 10^4",2.6957536133311e-3,2.6952610405466776e-3,2.696311512806198e-3,2.677211311859982e-6,2.3284039264555852e-6,3.112936098063005e-6
"rnd 10^5",4.766813059259546e-2,4.7654502586614016e-2,4.768705387521873e-2,8.192987840892337e-5,5.983919268132791e-5,1.1575638157189135e-4
