Name,Mean,MeanLB,MeanUB,Stddev,StddevLB,StddevUB
"inc 10^3",1.6838817578721405e-4,1.6836048517224132e-4,1.6843664287836577e-4,1.836601129379984e-7,1.2163127032060513e-7,2.7736611260967614e-7
"inc 10^4",2.1644252120650246e-3,2.1641995091434742e-3,2.1647963503198257e-3,1.4482351299804864e-6,1.002742784792674e-6,2.5512652240659187e-6
"inc 10^5",2.7074299799917e-2,2.707203720760133e-2,2.7077926146505126e-2,1.4392867803437465e-5,9.746686253240972e-6,2.164121002313363e-5
"rnd 10^3",1.8228111396726625e-4,1.822589857428933e-4,1.8231046925481814e-4,1.301910159024985e-7,1.0225055641421762e-7,1.7898103570578285e-7
"rnd 10^4",2.5867611860271008e-3,2.5864445661540544e-3,2.587220380210452e-3,1.932111716142289e-6,1.4286976209665792e-6,2.6852159417593306e-6
"rnd 10^5",4.5890024649617944e-2,4.5878225314138196e-2,4.5914164530751964e-2,8.298354689203384e-5,4.047252222340158e-5,1.3977145457298357e-4
