Name,Mean,MeanLB,MeanUB,Stddev,StddevLB,StddevUB
"inc 10^3",1.623725063460214e-4,1.6232541093578586e-4,1.6242458687200175e-4,2.5335046119019077e-7,2.266181186490702e-7,2.8570535830746886e-7
"inc 10^4",2.1667207586765296e-3,2.165839802026748e-3,2.1675945627689357e-3,4.491887770899894e-6,4.222727348761014e-6,4.842963003246384e-6
"inc 10^5",2.7106715028285967e-2,2.7100992982387547e-2,2.7113614861965184e-2,3.202471821575371e-5,2.7363964471471077e-5,4.09878241262002e-5
"rnd 10^3",1.835612103167703e-4,1.8348744080347171e-4,1.8364448151167703e-4,4.0102247791654017e-7,3.545392163352733e-7,4.474567656074582e-7
"rnd 10^4",2.5481545100212106e-3,2.5474664340019225e-3,2.5489408144950864e-3,3.783481934199211e-6,3.3798620204663957e-6,4.187655091428766e-6
"rnd 10^5",4.595112163305284e-2,4.59376199889183e-2,4.597500879049301e-2,8.968826841237909e-5,5.7467350846046054e-5,1.3834345663989395e-4
