Name,Mean,MeanLB,MeanUB,Stddev,StddevLB,StddevUB
"inc 10^3",1.6896674599493599e-4,1.6894366431220568e-4,1.6899069151309794e-4,1.2057358367311877e-7,1.1129429449274942e-7,1.3157411348169416e-7
"inc 10^4",2.1851235629302083e-3,2.1849375964385093e-3,2.1853826444528327e-3,1.1139680645550086e-6,8.310939045895102e-7,1.5731832943360307e-6
"inc 10^5",2.7169266939867633e-2,2.716730713914741e-2,2.717247605394233e-2,1.2594426294290036e-5,8.343721313292486e-6,2.065473604145685e-5
"rnd 10^3",1.897130051712698e-4,1.8967825859474182e-4,1.8974876795813513e-4,1.8046477768513311e-7,1.5080435007687258e-7,2.3573844656055544e-7
"rnd 10^4",2.634443044803359e-3,2.634063005588272e-3,2.6348145009495996e-3,1.9263083191328206e-6,1.7482896773395168e-6,2.178868870864325e-6
"rnd 10^5",4.692342877458443e-2,4.690364480089058e-2,4.695096612047065e-2,1.1850760559158439e-4,8.72413194700367e-5,1.6670850700398145e-4
