Name,Mean,MeanLB,MeanUB,Stddev,StddevLB,StddevUB
"inc 10^3",1.6926506493952285e-4,1.692355908745991e-4,1.692984089871797e-4,1.6021265168774667e-7,1.411879662619264e-7,1.9479569097746332e-7
"inc 10^4",2.2163872157172724e-3,2.2162584696845595e-3,2.216519935392972e-3,6.70159241441288e-7,5.958462602676589e-7,7.982992625723553e-7
"inc 10^5",2.7635946413657873e-2,2.7633614679954274e-2,2.7639510771415444e-2,1.4594883090520133e-5,1.0115548741462145e-5,2.087420336237052e-5
"rnd 10^3",1.9278557803431852e-4,1.9276650454799044e-4,1.9280535505088005e-4,9.983848845577623e-8,8.945432446145741e-8,1.1767346264553959e-7
"rnd 10^4",2.707355527238413e-3,2.7067966740889986e-3,2.7079153340621425e-3,2.8653630097011846e-6,2.4062083135939157e-6,3.5067381434338217e-6
"rnd 10^5",4.7327692648551675e-2,4.731249584831973e-2,4.735721840538761e-2,1.0497851743495783e-4,5.347005920699981e-5,1.7737638077614594e-4
